Apple 아이폰 13 256GB [자급제],"1,160,000원",https://cr.shopping.naver.com/adcr.nhn?x=41dd%2B8VYMIzPdRNF%2BjSBoP%2F%2F%2Fw%3D%3DsJuk7kW7HDJzgcDoNSR4lTLpQ1Q4D7%2BVlwz0a5mnNpLxhJz9H0Ub4KLvuVTVtNMxM1ZKsPJke7t0r6s1FCndmfwUODHFhqH1jQSlz96cpsg0deSeqkQ08bvmIcaTonv%2BnFp1osLeC0CcSfuyfGHI9bci30QtKP1mA7BYZPpxeJLexWvZfe2todmJfmpbNrXnqXKJBKazWTMr3TF%2BX7oeAGbix7jXt7MNVc9AIu4EfDZlNEwRr%2B3STfYHGn%2FB5b3e4QV5wFgmnO7DGvqEfGxaPhVgr8T6xy7IbjhpMaNct5QTBz7%2BORHa%2BX777%2F5U82WuFDUHVss68%2F%2BP6JV7OwEL%2BjoNNp9JU6Ecs2Pl9EMaXJThkIptLkhleORsoGb3BUK6QIzTzjQrR1JItZ3Q6ocvnWh1DIJr1LEdjub%2FTtZTnFNZKsaK6szvgRo5X5XC1HnWypqdV%2BOuRTsGSwZygirtZR3qO%2FJJZ0C6p0MGfnHM5LgijriJ8H0NV5nx9%2BVr0aUV287DaRevAudEvCDRa0BZHWFDvyeG%2F3H%2BqPcQoGIp3hHsSzxwVRNV%2FYRemZK5z1sCEe0aIOB4CCciTDKe5wHwxo55m7UpRxvhTz%2F55bODAAbzNjqh%2FZemCCOboDhnweAmG&nvMid=29029192591&catId=50001519
Apple 아이폰 13 프로 256GB [자급제],"1,409,000원",https://cr.shopping.naver.com/adcr.nhn?x=zE8F9%2Fl8436%2Fx2DSfwHyV%2F%2F%2F%2Fw%3D%3DsLGzSh0F71YME6%2FZLczA7yTm1RE9z2b4yORVj9izZoH5hJz9H0Ub4KLvuVTVtNMxMYz5MIl%2Fu%2Fv%2FZnYi6%2FK4LKwUODHFhqH1jQSlz96cpsg0deSeqkQ08bvmIcaTonv%2BnFp1osLeC0CcSfuyfGHI9bci30QtKP1mA7BYZPpxeJLexWvZfe2todmJfmpbNrXnq6b4twwZe%2FXnN8SL9cd67Sbix7jXt7MNVc9AIu4EfDZlNEwRr%2B3STfYHGn%2FB5b3e4QV5wFgmnO7DGvqEfGxaPhVgr8T6xy7IbjhpMaNct5QTBz7%2BORHa%2BX777%2F5U82WuFtw%2FxhWLOzVOefuiOYPXy7NhtyeMlYZOzUGhJsdcWgztkIptLkhleORsoGb3BUK6Qk7A%2FO6d9%2F96zm7%2FMwASq2TjLTTW62LfR%2FC%2FjYRoDyAZKsaK6szvgRo5X5XC1HnWyJWkKsSeQuaZ%2FlYk3rKhKIKETUd3FTme1EqESGNLE3wf1JtnyFV8OD7Bngtl8x0Qvfm8I4%2BLwqxkEirhSi8uz%2FEOamXcO1U5idaBsxKK7CZnvW2q1ZBpuV%2F%2FvtKUgTGHnclE5rfZtJfgUZ%2FeL65Mr%2FZ%2FelwtUK3zHzsD6OsRLqczNjqh%2FZemCCOboDhnweAmG&nvMid=29030492586&catId=50001519
Apple 아이폰 13 미니 256GB [자급제],"1,057,300원",https://cr.shopping.naver.com/adcr.nhn?x=ItU2t%2F4cFwr8PN8p9PwK7%2F%2F%2F%2Fw%3D%3DsgUALJpevYgatU2UT2wMQzclgtitpVlP0qKOeJIbo%2FFRWQE1WikGGRjsm7ORTamZ7ZhnU5pBWWOM9MudxE2grMdhw8NXo4pXR8QfgHvv5VA%2Fq4KBXK8BjGWEuxByZR%2FANmNZzj8hKQxQ4MXE34nmXrkPg%2F6PYJW9LpCSumzPJoiiI9aZyW4hhCgmcrsQhWGWGEhUbZ%2FNZ8avqUf6HuykXvPKAXVfyDB1yTbVYYpYzcFnUHxlEatbmVq7jmztE%2Fywscwswwrg8XoWiNA75%2BcOwbauKWQN4b7WstTXVRp4V%2Fd2Kx7G3krbJiQXzryuwwOqJLC%2BybqGOHbOyaYG0vzLjeXwntvRZF%2FL8vZamlW61erpXfqiCwBtPYYwEdSt6i2JAelKy5uIBxO3N6p35qVzGOG5v7HSqtULIcgRTCCEXbrQEc05LTibBt%2FawtKKLwCqnlArQYL2rUkhRRerK7frppRyg2Q%2Be8zgTEkh5xBH51q8lDv77rgQoH8LCOsgmhGGjhejKyKKQJPosYkFFU2iKXnAxAkOQDaqb%2B5RKOu6pIQYNauEcRynSn%2F8orOK7nc90hhr2dXLb8juf4vSGkKIRd8qaLQ4pwn68jPlCyt1okOeFbDf4gHI5rSMJU1BWcIOg&nvMid=29030437590&catId=50001519
Apple 아이폰 13 프로 128GB [자급제],"1,265,950원",https://cr.shopping.naver.com/adcr.nhn?x=B2qRmaECs%2Frqdp2DoFXADv%2F%2F%2Fw%3D%3Ds%2B27n8i2a0VqmMkiWtSJLA%2FN6fWCsyvyUANuNMxJcPHsbsBKbbjTB%2BBCjsLv6tz%2BjbM9No47tJzrSXpAqY8idOVtcOcp9blpqSFI7xpFargnHxWrnEy9KXVIuDENDlkbVL7%2Fx0mSsoii1csW6gIEXn0gAn8lD2%2BxrgblrBqYwPdWug%2B9sjA7rHdeMLkY%2BwIMU07oJ3o0uS6qCsqzVDCUSCzQZD6UDT51Dg8nNb9lI8fV%2BFLPJmN7kd5F0maTGsL0co52Z9qEv8CV6kJ9k1iO7WuBmHDZBEjcLNUxzlrprN9Vr6kdrp7BvT8OlwZ7P37YyZp%2FuhVWf5tMOyu5R2EADu8B%2BHyx0%2BFNus9ZvbmXQ%2F1FQvCL0vjT7BDyew%2BppTYv%2B42C%2Fc7qRTevQOFdP2Clgn1sTH8QFxYcndTLrTjjhVHpLXcv9Az4Jm6rquko58j6DsqLykQuGh01ylIDtEDoqxsERtARkDvV5bMoKfLF04kTlE80KNwbfNxekQsGJejRksTXhzeKkynwlV5iG42bUw0NygxJ1Ys43inZ2xKrWkuhGNybgl0NQzuhWU%2B1IcJl%2BZrpImlm5j8BqIRhkl1IjFOw7a9YghQ8K7mRGztY8%2F5NXc50eBITwugSNPH3Ok09sVpGw61BSdoQRvEGgfFlc5w%3D%3D&nvMid=29030420587&catId=50001519
Apple 아이폰 13 128GB [자급제],"1,057,230원",https://cr.shopping.naver.com/adcr.nhn?x=uiAX6yOBeTlkMJR5I4FsZ%2F%2F%2F%2Fw%3D%3DsPEGimgg1B7Rn0sMiBqhM75Dz1snn0JBRso%2FhkSrC2fdhJz9H0Ub4KLvuVTVtNMxM38mZEU687t81QHMO3hzrGAUODHFhqH1jQSlz96cpsg0deSeqkQ08bvmIcaTonv%2BnFp1osLeC0CcSfuyfGHI9bci30QtKP1mA7BYZPpxeJLexWvZfe2todmJfmpbNrXnqNGdmVqT0qJ11casXr%2FJUjrix7jXt7MNVc9AIu4EfDZlNEwRr%2B3STfYHGn%2FB5b3e4QV5wFgmnO7DGvqEfGxaPhVgr8T6xy7IbjhpMaNct5QTBz7%2BORHa%2BX777%2F5U82WuFi47EMMpRt3ltkchRbN6TMwqLknzbP5BWObPg0Rk15ZdkIptLkhleORsoGb3BUK6Qk7A%2FO6d9%2F96zm7%2FMwASq2UDfF9cvaHPbDWG2UYi%2FOrFKsaK6szvgRo5X5XC1HnWyL6U2IGW%2FFcC17swZn%2BItBb2VsIAdSBjHtTdXYc693jejriJ8H0NV5nx9%2BVr0aUV2BrvsXtLMTdMmijH7hqA%2FZOkCJmsD6YNJs4yyrXCLbqkSzxwVRNV%2FYRemZK5z1sCEyUNlj9pYA4vbsxAiLiKQiXGyIZ4c00%2F8Ur6qyhwYoFxB0CIl3BeKsFF2drF%2B%2BsFv&nvMid=29030374587&catId=50001519
Apple 아이폰 13 미니 128GB [자급제],"921,500원",https://cr.shopping.naver.com/adcr.nhn?x=HLIrJ9%2BI91WEEIQ885endv%2F%2F%2Fw%3D%3DsJbqqgiQzIVOFj%2BmvImDJb9eRER6N3X5wiRptIyGSyb1hJz9H0Ub4KLvuVTVtNMxMe%2FqFB1BsE88rJjrXFamEAwUODHFhqH1jQSlz96cpsg0deSeqkQ08bvmIcaTonv%2BnFp1osLeC0CcSfuyfGHI9bci30QtKP1mA7BYZPpxeJLexWvZfe2todmJfmpbNrXnq2drsUEzev9hA0cDt%2BuxFM7ix7jXt7MNVc9AIu4EfDZlNEwRr%2B3STfYHGn%2FB5b3e4QV5wFgmnO7DGvqEfGxaPhVgr8T6xy7IbjhpMaNct5QTBz7%2BORHa%2BX777%2F5U82WuFIyxpt7pDt3bDDg15WqzDU9PbW5n39BVOm9jZPOZ9p2xkIptLkhleORsoGb3BUK6Qk7A%2FO6d9%2F96zm7%2FMwASq2Z3VVKA%2BlpzCyyh%2Fw7e%2F6b5KsaK6szvgRo5X5XC1HnWyi3Qtkfn1hMkL8tyo3kAsI4dxqfPF7HpuhS813AIGS6D1JtnyFV8OD7Bngtl8x0Qvfm8I4%2BLwqxkEirhSi8uz%2FCRspuLAu24q09HKtHN1aYVPwCXFJiRdosf3os3K%2FWn1DwA9D9xMy4sQJzQ8jlAPUw7dHpIN%2BlSpav3mz6X8VyhoaKZHilHbuauHUigNM5KA&nvMid=29030650586&catId=50001519
Apple 아이폰 13 프로 맥스 256GB [자급제],"1,529,500원",https://cr.shopping.naver.com/adcr.nhn?x=SiZK3s1PJ5jJOJ2fHOeulP%2F%2F%2Fw%3D%3Dsyku3qsr4Te7io1crnO%2BJTlQ061PqVkPit1GP3HoWssJhJz9H0Ub4KLvuVTVtNMxMtwg5Ggwl8R7mtazd3GBsIQUODHFhqH1jQSlz96cpsg0deSeqkQ08bvmIcaTonv%2BnFp1osLeC0CcSfuyfGHI9bci30QtKP1mA7BYZPpxeJLexWvZfe2todmJfmpbNrXnqiTiHgV17tngZX6ODLdebGbix7jXt7MNVc9AIu4EfDZlNEwRr%2B3STfYHGn%2FB5b3e4QV5wFgmnO7DGvqEfGxaPhVgr8T6xy7IbjhpMaNct5QTBz7%2BORHa%2BX777%2F5U82WuFl%2Fmm%2BQrk1gcy8SwQPgmQUVFdYrsEFhdv9n9%2FNyP3WpJkIptLkhleORsoGb3BUK6Qk7A%2FO6d9%2F96zm7%2FMwASq2dwjxOM6YmAqi1apRzNWd1ZKsaK6szvgRo5X5XC1HnWyJWkKsSeQuaZ%2FlYk3rKhKIB0FDoGwtxN%2B5xJO0sRqQSPPxSH%2BMhjwnhZYEHfltYfSuwP9L0j7YvHB2OKNn2rLcFvGm9za4NxNbMaOPt3%2BpjlqifJbEdB31nfPNuECCia5%2BgtF15PMkmjkNDmi88yMRW0UhsCm0urOUv%2FM8eeaP8VjtEEnHZo%2B%2FVuCJHvsmHjrDVCYCaeglF2rgr1u2OQIzQ%3D%3D&nvMid=29030294588&catId=50001519
Apple 아이폰 13 프로 512GB [자급제],"1,709,930원",https://cr.shopping.naver.com/adcr.nhn?x=OUm6IKp2NTpC10665VCvo%2F%2F%2F%2Fw%3D%3DsNPV7GrlYP2mhgWbq8Vxmk%2F2682f3Nnf56K2lTQseaFQbsBKbbjTB%2BBCjsLv6tz%2BjHn90UiKavT6GNkbS8wJHJ1tcOcp9blpqSFI7xpFargnHxWrnEy9KXVIuDENDlkbVL7%2Fx0mSsoii1csW6gIEXn0gAn8lD2%2BxrgblrBqYwPdWug%2B9sjA7rHdeMLkY%2BwIMU%2F7r9owRKQwA1obAu19o%2FvDQZD6UDT51Dg8nNb9lI8fV%2BFLPJmN7kd5F0maTGsL0co52Z9qEv8CV6kJ9k1iO7WuBmHDZBEjcLNUxzlrprN9Vr6kdrp7BvT8OlwZ7P37YyZp%2FuhVWf5tMOyu5R2EADuzBwAQAD8cgcv7RS5xcA8FFQvCL0vjT7BDyew%2BppTYv%2B42C%2Fc7qRTevQOFdP2Clgn9oFPYqR1e7umZtQh30mK6NLXcv9Az4Jm6rquko58j6DsqLykQuGh01ylIDtEDoqxu%2FBhiEDQomJlLw1tRUWHW%2FlE80KNwbfNxekQsGJejRksTXhzeKkynwlV5iG42bUw%2Fs1qUu2A4OY6weg8II9ytevfUqICPZYglUw26xoHsonY2E6yujLQ11ygCtiwpNH5fPHqJQxWoPXa71LYn5tO7FXc50eBITwugSNPH3Ok09sVpGw61BSdoQRvEGgfFlc5w%3D%3D&nvMid=29030416587&catId=50001519
Apple 아이폰 13 프로 맥스 128GB [자급제],"1,451,150원",https://cr.shopping.naver.com/adcr.nhn?x=ARiQWIICDi%2BTJOOFNt7fXP%2F%2F%2Fw%3D%3Dszo6spL1YMSZNB%2BxApSM33ZEhRLNqQCs0d0R8IFzz05kbsBKbbjTB%2BBCjsLv6tz%2Bj7aZpA%2FqGARwxnJoogN7fVaeCq7AlE2z5sSti1yo1QADHxWrnEy9KXVIuDENDlkbVL7%2Fx0mSsoii1csW6gIEXn0gAn8lD2%2BxrgblrBqYwPdWug%2B9sjA7rHdeMLkY%2BwIMUnr7qtY8dVn8btdAmR5NIrzQZD6UDT51Dg8nNb9lI8fV%2BFLPJmN7kd5F0maTGsL0co52Z9qEv8CV6kJ9k1iO7WuBmHDZBEjcLNUxzlrprN9Vr6kdrp7BvT8OlwZ7P37YyZp%2FuhVWf5tMOyu5R2EADu3loggeZgHJ7gejPGLCt46VQvCL0vjT7BDyew%2BppTYv%2B42C%2Fc7qRTevQOFdP2Clgn4r6e7U%2FpQrKIgc41enQ0f5LXcv9Az4Jm6rquko58j6DsqLykQuGh01ylIDtEDoqxgd%2BG16etLspUe2HE9zONyeSk2%2FG7h%2BXND%2B0hmw7cZaHhOBUHb0ZqO6MTkr8MsJnIbXhI1O8U4jv%2BhmrYIOykW%2B6%2F5hq0j78RorCq427j06REaThcwm2jOjlPe7qD4n46%2By5nAXwffHcvH%2BgRCeqdPmJSn%2BpW65aYMZagcrWMV5CHRyPBWbUFRhWScTsgQynPg%3D%3D&nvMid=29030367587&catId=50001519
Apple 아이폰 13 프로 맥스 512GB [자급제],"1,782,200원",https://cr.shopping.naver.com/adcr.nhn?x=Ta6MAgMUejkvwJpW0HSsEf%2F%2F%2Fw%3D%3DsmgucYRl%2BnILa737eDERr6m3pfkS4x9wDIPjFjrZLfu4bsBKbbjTB%2BBCjsLv6tz%2BjHfJZYV8fNCwCo6a2oa2B96QshnaCmdqkaMDw8H7vr63HxWrnEy9KXVIuDENDlkbVL7%2Fx0mSsoii1csW6gIEXn0gAn8lD2%2BxrgblrBqYwPdWug%2B9sjA7rHdeMLkY%2BwIMU8l8EUbQKNtJLHSrS0FW8ATQZD6UDT51Dg8nNb9lI8fV%2BFLPJmN7kd5F0maTGsL0co52Z9qEv8CV6kJ9k1iO7WuBmHDZBEjcLNUxzlrprN9Vr6kdrp7BvT8OlwZ7P37YyZp%2FuhVWf5tMOyu5R2EADuwERbgjB9PM3ClBsClglw%2BZQvCL0vjT7BDyew%2BppTYv%2B42C%2Fc7qRTevQOFdP2ClgnzaNAt5sW7ntOpJbRIK2DPlLXcv9Az4Jm6rquko58j6DsqLykQuGh01ylIDtEDoqxgd%2BG16etLspUe2HE9zONydWfyGhvOKhC5sogwlOWguqhOBUHb0ZqO6MTkr8MsJnIfj5%2F9P7BRYsI0%2B0uQbEdBNXDykRPdNTuBh%2BDsi%2BgC89EaThcwm2jOjlPe7qD4n46%2BGoBsoY3Cilz6BY5HaxGdIIBLmu6ZQeVJSE2LZrIuJKgqgOvq6z5EpEI5N2xav1Mg%3D%3D&nvMid=29029192586&catId=50001519
Apple 아이폰 13 미니 512GB [자급제],"1,289,000원",https://cr.shopping.naver.com/adcr.nhn?x=q4nst%2FfgV7ffPXkcSVjisf%2F%2F%2Fw%3D%3DsNfw63Q9QwVhhOJ5Eu3lSzKMQMxK7lfhq4UybHUry2FAbsBKbbjTB%2BBCjsLv6tz%2BjUsMIyhwbmyKH4p%2B9YWkAimCK1IXzuvtxwVpsRELRDX3HxWrnEy9KXVIuDENDlkbVL7%2Fx0mSsoii1csW6gIEXn0gAn8lD2%2BxrgblrBqYwPdWug%2B9sjA7rHdeMLkY%2BwIMUq27XJlSixqK%2BeCw1YH8CQTQZD6UDT51Dg8nNb9lI8fV%2BFLPJmN7kd5F0maTGsL0co52Z9qEv8CV6kJ9k1iO7WuBmHDZBEjcLNUxzlrprN9Vr6kdrp7BvT8OlwZ7P37YyZp%2FuhVWf5tMOyu5R2EADuw1wp7OwQjmsEC1vV3Wh8IhQvCL0vjT7BDyew%2BppTYv%2B42C%2Fc7qRTevQOFdP2Clgn%2BhVelcBFTQV5xikL4AH1SFLXcv9Az4Jm6rquko58j6DsqLykQuGh01ylIDtEDoqxmgxFHRioz1z0E25ckpJD8blE80KNwbfNxekQsGJejRksTXhzeKkynwlV5iG42bUw2D52gDGWpzUG3IYzElU6ucHaR8JROhhJdL3IweMlrCDvDP3PY2%2B%2FeRCPSJCdSIlDIUGl3xJWKmnrBnSiG5hbTFWhZ3SMHTcLlpircdRzUgq1JIslBmdxaTx7xO1%2BPPoWw%3D%3D&nvMid=29030296587&catId=50001519
Apple 아이폰 13 프로 1TB [자급제],"1,969,930원",https://cr.shopping.naver.com/adcr.nhn?x=TBsY0SM29wrWssaaOohaPP%2F%2F%2Fw%3D%3DsMCk%2F28zeASij2%2BizzE4Olz1QMnT5r38MZlMUBwYG7opWQE1WikGGRjsm7ORTamZ7WAc2j2zEkuFGxXs1nAxr5thw8NXo4pXR8QfgHvv5VA%2Fq4KBXK8BjGWEuxByZR%2FANmNZzj8hKQxQ4MXE34nmXrkPg%2F6PYJW9LpCSumzPJoiiI9aZyW4hhCgmcrsQhWGWG4P666JAigMTzVZ%2Bn3tMVP%2FKAXVfyDB1yTbVYYpYzcFnUHxlEatbmVq7jmztE%2Fywscwswwrg8XoWiNA75%2BcOwbauKWQN4b7WstTXVRp4V%2Fd2Kx7G3krbJiQXzryuwwOqJYeM5gg%2FvOpmaO2N4pzeDK9D0ugg7cKOkxCNpuOxKg4BXfqiCwBtPYYwEdSt6i2JAd%2FDEuCS2Zrll9y4OS8eJPQJhH8P9ykVUm6BB2apgzPwEc05LTibBt%2FawtKKLwCqnk6qjg%2F%2B%2B1yHbR7Om%2F12%2BtHHkQJ%2FrU8QF%2B5mHEyvWdY%2FL%2FnGINkSYp%2Bd2xAAY7UDn1UxaqwwRAbTAeA%2FJh4PWJqrl%2F5Hj8gSYfJMdXT1sf8FicchwRNwmJ84TyxvjggzFy8YEWAIx4GFCjQ2lIVk88T0saiKWIpdgzRFa3E%2BcTR0OEsHC78VBLnFZh%2FnDobeN&nvMid=29029192588&catId=50001519
Apple 아이폰 13 프로 맥스 1TB [자급제],"2,139,930원",https://cr.shopping.naver.com/adcr.nhn?x=s5maI2188grzAp118dkY0v%2F%2F%2Fw%3D%3DsfciovDrHwTtVMQ6%2BoK8AFAkuqmZwLEA1NJZBiFaAS5hhJz9H0Ub4KLvuVTVtNMxMS0SUq0ReBwl0Ewx%2FJEIm3QUODHFhqH1jQSlz96cpsg0deSeqkQ08bvmIcaTonv%2BnFp1osLeC0CcSfuyfGHI9bci30QtKP1mA7BYZPpxeJLexWvZfe2todmJfmpbNrXnqArgGaDBKbEfnwAwTC02FZ7ix7jXt7MNVc9AIu4EfDZlNEwRr%2B3STfYHGn%2FB5b3e4QV5wFgmnO7DGvqEfGxaPhVgr8T6xy7IbjhpMaNct5QTBz7%2BORHa%2BX777%2F5U82WuFVpr5PihDD5%2BgWcDDizNkCEd9PF4oCELKnlEf6tNFYHxkIptLkhleORsoGb3BUK6QIzTzjQrR1JItZ3Q6ocvnWrAuNuTN7Z06MuEFLliO4mZKsaK6szvgRo5X5XC1HnWyJWkKsSeQuaZ%2FlYk3rKhKIGDUvoTgi%2FQXXXKL%2FgFFTXkPVL%2B%2Frl5PLPXtI0kaP8PkmKdeEMdUbtmzDI4Aa7HQcUhoaoogoFHGQWSvkV3BkRE1GkQhZ6h8mHob4SqnYHz9ezdPirNIEhU3YcDKwV2g5PsudQ6uff1LxY8kTA9nLFpvU2Y6hEEwGxc1AZfON9sL4VRAH%2BsMDObarUodGweR8Q%3D%3D&nvMid=29029192590&catId=50001519
Apple 아이폰 13 미니 256GB [LG U+],"192,970원",https://cr.shopping.naver.com/adcr.nhn?x=lrulff2WgVdC2aMtvc3I%2Bf%2F%2F%2Fw%3D%3DsDqmIAqO7KgV1xmS0KeqlT1%2FnBgSL6mKL6DzN2QH54kwbsBKbbjTB%2BBCjsLv6tz%2Bj%2FcBMyCaDt%2FmxAm5ycZRrpX8T%2BUbXGxPjzVNL%2BBa5eZHHxWrnEy9KXVIuDENDlkbVL7%2Fx0mSsoii1csW6gIEXn0gAn8lD2%2BxrgblrBqYwPdWug%2B9sjA7rHdeMLkY%2BwIMUH9J2IBuyzX11BjOUDWY3GjQZD6UDT51Dg8nNb9lI8fV%2BFLPJmN7kd5F0maTGsL0co52Z9qEv8CV6kJ9k1iO7WuBmHDZBEjcLNUxzlrprN9Vr6kdrp7BvT8OlwZ7P37YyZp%2FuhVWf5tMOyu5R2EADu2PXZFXJrc3TFEKuaYQHxsVQvCL0vjT7BDyew%2BppTYv%2Bf7tEsR%2FQiiXKDPGKE8P4jL%2FqeYdoOS8S%2B57F%2BDi14MVLXcv9Az4Jm6rquko58j6DsqLykQuGh01ylIDtEDoqxqDKRyWzRbWfsIBl5SPfQ8wZyVXP8MBx51PcdtMFtsvBK2ud1b%2BfZwYPU0n%2BzLfOdau898qqMcZSDNA4L1riMIatqaMHAJkj0DAJXiYJNZCZrqKEmIdUP7C3rDZHc16lZB7rak5W8f4Q%2BMjdIaX1waRoaKZHilHbuauHUigNM5KA&nvMid=29030376589&catId=50000248
Apple 아이폰 13 512GB [자급제],"1,329,000원",https://cr.shopping.naver.com/adcr.nhn?x=LSD4%2BagJ9ElELWI21qAidf%2F%2F%2Fw%3D%3DspXI4u0ilIssP8i3VHLPha9sY785PqM0CI76GfEeWQ8tWQE1WikGGRjsm7ORTamZ7zfQYB%2BJ0%2F0lkz48sFe0aK9hw8NXo4pXR8QfgHvv5VA%2Fq4KBXK8BjGWEuxByZR%2FANmNZzj8hKQxQ4MXE34nmXrkPg%2F6PYJW9LpCSumzPJoiiI9aZyW4hhCgmcrsQhWGWGqtvtxFCaSmTZmhdr9drUvvKAXVfyDB1yTbVYYpYzcFnUHxlEatbmVq7jmztE%2Fywscwswwrg8XoWiNA75%2BcOwbauKWQN4b7WstTXVRp4V%2Fd2Kx7G3krbJiQXzryuwwOqJPnIY%2Fh3gHndX0CquVIl6U1QoksBJPMXNEKubF26%2Buu5XfqiCwBtPYYwEdSt6i2JA%2FWMLzxfkqsmfXLVpvQi4a8rCRKASTAGP2BBu8tvrdwgEc05LTibBt%2FawtKKLwCqnJNf8scw9NyljrLBDgKR59w385erTrEUuUwLA0NA5uM8tyoSE6KxzK06m1%2BHQP34Cx75hNxzBjEdI90ygIB3OJ913XqexreV%2F2DozO5n9Lyu%2FhgaMkJIhbUi8HFdPXAb3T8Di5l9OkE%2FJsud1bHrn42O0QScdmj79W4Ike%2ByYeOsNUJgJp6CUXauCvW7Y5AjN&nvMid=29030496586&catId=50001519
Apple 아이폰 13 프로 256GB [LG U+],"894,680원",https://cr.shopping.naver.com/adcr.nhn?x=UDsYAixYzjgY5fyo8EWoaP%2F%2F%2Fw%3D%3DsOgunCIoxKlzzVgIY5hS14lFdrQ8kJMaqShlmxB5vJp5WQE1WikGGRjsm7ORTamZ76q68ylA1qY5iZdlxuc1wqNhw8NXo4pXR8QfgHvv5VA%2Fq4KBXK8BjGWEuxByZR%2FANmNZzj8hKQxQ4MXE34nmXrkPg%2F6PYJW9LpCSumzPJoiiI9aZyW4hhCgmcrsQhWGWG1qpTT70Ggsw7BdaCH1Z5mvKAXVfyDB1yTbVYYpYzcFnUHxlEatbmVq7jmztE%2Fywscwswwrg8XoWiNA75%2BcOwbauKWQN4b7WstTXVRp4V%2Fd2Kx7G3krbJiQXzryuwwOqJZQAgnn7Q%2Fa5k6319yWYgwv2em8YAY5lQtCuqyFwKmfVXfqiCwBtPYYwEdSt6i2JAEJQ8jzPn%2BY9zFsJfV32Ac%2BMlCRz9Y4MOT8xlonekVP0Ec05LTibBt%2FawtKKLwCqnk6qjg%2F%2B%2B1yHbR7Om%2F12%2BtGti6S87n1WuM9M%2FRU8W4f2jriJ8H0NV5nx9%2BVr0aUV280C2PNxD6gb9PpA0XGt4e9HZW83Y%2FJiBSXgBNLqpI96Ov%2B%2BG7P8zZs54SDuTec4179sm2wk6i1XgsXAaSSdBcHGyIZ4c00%2F8Ur6qyhwYoFxB0CIl3BeKsFF2drF%2B%2BsFv&nvMid=29030415586&catId=50000248
Apple 아이폰 13 미니 128GB [LG U+],"95,950원",https://cr.shopping.naver.com/adcr.nhn?x=Apl4mzaXeBRscMplqhclQv%2F%2F%2Fw%3D%3DskotpeM5qnREUfnVgZ%2FOdCqtAz5eq59fbIlmghK4kx7phJz9H0Ub4KLvuVTVtNMxMldz4bIlmlRGBtf1y38lmGgUODHFhqH1jQSlz96cpsg0deSeqkQ08bvmIcaTonv%2BnFp1osLeC0CcSfuyfGHI9bci30QtKP1mA7BYZPpxeJLexWvZfe2todmJfmpbNrXnq%2BhHtf9UPvVuecHCypfH0H7ix7jXt7MNVc9AIu4EfDZlNEwRr%2B3STfYHGn%2FB5b3e4QV5wFgmnO7DGvqEfGxaPhVgr8T6xy7IbjhpMaNct5QTBz7%2BORHa%2BX777%2F5U82WuFClV6w5UIcD7iElKPt4xFA0uV3CRrNUkEqVK0mtOdWZFkIptLkhleORsoGb3BUK6QdpNigRczOXpJrKZuD6kaGyuKWKROLEItxVmr9RMhP1FKsaK6szvgRo5X5XC1HnWyi3Qtkfn1hMkL8tyo3kAsI%2F8rO2HOhPwRHEeeqEXVQy6aU9qNqKx0Qc11MwuBOlFmFUGuMYzpkFC5EDWgDPyQkGZEJBjBOJnoQGBWBhewWtYRpOFzCbaM6OU97uoPifjrFXQJmNVZw0bwTSy%2B3wtgCioagSUviBOoAvm0HQx9HFyCqA6%2BrrPkSkQjk3bFq%2FUy&nvMid=29030431586&catId=50000248
Apple 아이폰 13 프로 128GB [LG U+],"631,970원",https://cr.shopping.naver.com/adcr.nhn?x=6cMvR2aSMWFuGG4hyD%2BtR%2F%2F%2F%2Fw%3D%3DshT93OzQ9aaZ8GcnJL0T%2BQnTrJyujgfxTuwgb9yH%2Fl8cXfmlaZeQqomjdtI9e3qsmfFMiNIOAjqraHpUHrz6tXTp7zVrKKjjR6iJrcrBBA7OrK8fbGw9HV5e77LXHRGLUnojzEyK%2FycVa2asvNLTvIMOmY27ZGze0Q%2BtXRlM4OxtFSICBvI1ATDFN58yC%2Fe2x6Qne5EqPIRwowmeSHRDwmMdAmfSN83ChOoIPfneWzCavS7fnn7TEzbGYEdK0StlzeOVYMQg%2F1757gE0hhCSNqasJF1TG8DXvuOXRWh2aiSE1QmeK3ZPITzKHcbEnR%2BI8Rcd89E%2BMaq6cXv3j0Hx6XIN4QpBkXVj1XERyfbN0%2Bu2e4j7VSO75EuNYt8EGaKK0ki6ORgMQV7sNP%2FRRtwTWUNwRQyT5iDRlXdtlKXilPLKk5Veu6YTQhhahVu5gYc%2BVPg6eBgqDKD1k7ahaORJH6sIEbG6tsCQiDYFvBvlDNV1cZ8pgTGru4bgUYhRhw82xtPFg5YN7PFpeaoSz3mMxblw4oi%2B8GMOSJXDbywLJW9l7N0%2BKs0gSFTdhwMrBXaDkQVCzfh91diPvu1vnuGKyLG9TZjqEQTAbFzUBl8432wvhVEAf6wwM5tqtSh0bB5Hx&nvMid=29030175590&catId=50000248
Apple 아이폰 13 미니 512GB [LG U+],"484,570원",https://cr.shopping.naver.com/adcr.nhn?x=dZ3JAoprB6cg36TsB97EqP%2F%2F%2Fw%3D%3DsT1VbR9nPNPYy9l4p0AbnKvsjaL5oJSTLexT2TiprBcobsBKbbjTB%2BBCjsLv6tz%2BjxMAbx8m6jhHoYDqkER4XZWgaenIt3VSJlmGcLNayG9jHxWrnEy9KXVIuDENDlkbVL7%2Fx0mSsoii1csW6gIEXn0gAn8lD2%2BxrgblrBqYwPdWug%2B9sjA7rHdeMLkY%2BwIMUYN6xeMDoEaAupbc0zTGDWzQZD6UDT51Dg8nNb9lI8fV%2BFLPJmN7kd5F0maTGsL0co52Z9qEv8CV6kJ9k1iO7WuBmHDZBEjcLNUxzlrprN9Vr6kdrp7BvT8OlwZ7P37YyZp%2FuhVWf5tMOyu5R2EADu7acd1s5Cel6tsnHqnt2BqdQvCL0vjT7BDyew%2BppTYv%2Bf7tEsR%2FQiiXKDPGKE8P4jCywFeoZiLvXmXDlADo%2FNQ9LXcv9Az4Jm6rquko58j6DsqLykQuGh01ylIDtEDoqxmgxFHRioz1z0E25ckpJD8YZyVXP8MBx51PcdtMFtsvBK2ud1b%2BfZwYPU0n%2BzLfOdYTg3yXxeF%2FkQdw0jBIlfGetqaMHAJkj0DAJXiYJNZCZRGAH42RQxV7IsHw4Aovglagr4TCbD1Ya9kBQNxDTQU5oaKZHilHbuauHUigNM5KA&nvMid=29030419586&catId=50000248
Apple 아이폰 13 128GB [LG U+],"263,350원",https://cr.shopping.naver.com/adcr.nhn?x=t4U2kG0COVlXEXe%2BTMYzV%2F%2F%2F%2Fw%3D%3Ds31Lc9uxce6fn1V1XcME9v3kvdDhRexm%2Fn07ljT6mdthhJz9H0Ub4KLvuVTVtNMxMQXLNnvD7tchRlv8MpuZyZwUODHFhqH1jQSlz96cpsg0deSeqkQ08bvmIcaTonv%2BnFp1osLeC0CcSfuyfGHI9bci30QtKP1mA7BYZPpxeJLexWvZfe2todmJfmpbNrXnqYKFZZuluUMYgcwBfGEHeObix7jXt7MNVc9AIu4EfDZlNEwRr%2B3STfYHGn%2FB5b3e4QV5wFgmnO7DGvqEfGxaPhVgr8T6xy7IbjhpMaNct5QTBz7%2BORHa%2BX777%2F5U82WuFIyxpt7pDt3bDDg15WqzDU9AzTcfoBCkWMDbI8ssq2LVkIptLkhleORsoGb3BUK6QdpNigRczOXpJrKZuD6kaG%2FKincIiAdMYx7bmMpTIaptKsaK6szvgRo5X5XC1HnWyL6U2IGW%2FFcC17swZn%2BItBY9TZa7jwVfMpOkt40L0GTJJm%2F1ne9lUZdiLJ5vX8PmzPfXzFc6WmqR3gT996giXDYfDRWOLF4ihqa1DZHpwGK65Vxyh7ERc9oqa7bflHfw3XYtqcpIkgUTWgBic%2F2EDqQN%2BQsjK6V0FLd%2Fybx7qcubNSE3OzZUT76KyqzckASmm&nvMid=29030372586&catId=50000248
Apple 아이폰 13 프로 맥스 256GB [LG U+],"1,030,170원",https://cr.shopping.naver.com/adcr.nhn?x=ssHjIeZNws51rZlmpmigLv%2F%2F%2Fw%3D%3Ds4f2ZX1P5H5duTW%2Bxk8f1UEF5HjqUyomvJUqKuDaMxcBhJz9H0Ub4KLvuVTVtNMxMn0cywPh%2BRfp8G9G3evv34wUODHFhqH1jQSlz96cpsg0deSeqkQ08bvmIcaTonv%2BnFp1osLeC0CcSfuyfGHI9bci30QtKP1mA7BYZPpxeJLexWvZfe2todmJfmpbNrXnqXLTN90WNo2bfYUnKxvyYpLix7jXt7MNVc9AIu4EfDZlNEwRr%2B3STfYHGn%2FB5b3e4QV5wFgmnO7DGvqEfGxaPhVgr8T6xy7IbjhpMaNct5QTBz7%2BORHa%2BX777%2F5U82WuFJ77Bae5auL6t2KVpgkjqwNRd0ckQgjrGi0ji1CwXl1JkIptLkhleORsoGb3BUK6QdpNigRczOXpJrKZuD6kaGyASNp6WqyUI%2B4o5aUevPDFKsaK6szvgRo5X5XC1HnWyJWkKsSeQuaZ%2FlYk3rKhKIB0FDoGwtxN%2B5xJO0sRqQSMEiaNfJtI8%2BWxAc1EGc8qsV5wvSck0MfgYLl2aZJDmmqHHtkhD7vZ3cRA4mXAzM0ePUDvoL9ouIqZqM3RF1CsduAa%2FrcsBPDM%2B%2BxhTPvlajihhSUs%2B8uceq3C8i%2F8KLRpWhZ3SMHTcLlpircdRzUgq1JIslBmdxaTx7xO1%2BPPoWw%3D%3D&nvMid=29030190586&catId=50000248
Apple 아이폰 13 256GB [LG U+],"398,980원",https://cr.shopping.naver.com/adcr.nhn?x=anQ25KzI3AcZ7YyPhUgRiP%2F%2F%2Fw%3D%3DsLZ0hbwWH75x8hN7lGNw8iU7u%2FyvnkSqknLcfFQnqEUcbsBKbbjTB%2BBCjsLv6tz%2Bjtkoyo14dXDfEhjXMRHzSF9vN6UOAclVTVe5BTRA%2Bwh3HxWrnEy9KXVIuDENDlkbVL7%2Fx0mSsoii1csW6gIEXn0gAn8lD2%2BxrgblrBqYwPdWug%2B9sjA7rHdeMLkY%2BwIMUOYQbPHRk7gx3HlPTUxI7DDQZD6UDT51Dg8nNb9lI8fV%2BFLPJmN7kd5F0maTGsL0co52Z9qEv8CV6kJ9k1iO7WuBmHDZBEjcLNUxzlrprN9Vr6kdrp7BvT8OlwZ7P37YyZp%2FuhVWf5tMOyu5R2EADu81uzP9yI25UuM0IpW9IVplQvCL0vjT7BDyew%2BppTYv%2Bf7tEsR%2FQiiXKDPGKE8P4jKkH8ulmG4oywSMuQBnDRx5LXcv9Az4Jm6rquko58j6DsqLykQuGh01ylIDtEDoqxspmZ1wImWq6PyL6yh3Sq7fyNHyBUXwWVD2ki0TxnNzyIawz7ygScWeUDDzKji4yoqIGe0O1C7eU2IwHIHVWlcb6C0XXk8ySaOQ0OaLzzIxFsPhOo49HRz0LYVLWm220l%2FRRs2Tl2LVXyNQxua0eKL8GruH08DlKshetxY8KUEZb&nvMid=29030189588&catId=50000248
Apple 아이폰 13 프로 맥스 128GB [LG U+],"894,670원",https://cr.shopping.naver.com/adcr.nhn?x=ODTLl1xrS7%2Fo1AViZBeLLP%2F%2F%2Fw%3D%3DswnPTJSBuiLkqu7p76OH2mg1qmYSnMO2uQPH9%2Bx9L11NWQE1WikGGRjsm7ORTamZ76TiNW%2BmK6qpFEyZ%2BhXTCqNhw8NXo4pXR8QfgHvv5VA%2Fq4KBXK8BjGWEuxByZR%2FANmNZzj8hKQxQ4MXE34nmXrkPg%2F6PYJW9LpCSumzPJoiiI9aZyW4hhCgmcrsQhWGWGxThvsaGr%2Fa3dcgYtXiYoe%2FKAXVfyDB1yTbVYYpYzcFnUHxlEatbmVq7jmztE%2Fywscwswwrg8XoWiNA75%2BcOwbauKWQN4b7WstTXVRp4V%2Fd2Kx7G3krbJiQXzryuwwOqJxnSiR35zrb0wu0KKAKIqssRemdCBkYfzt1VbspAHdBBXfqiCwBtPYYwEdSt6i2JAyOFA906CuUYhyTi936VJzPkwYDk9tHsvw%2B%2F64PPynPYEc05LTibBt%2FawtKKLwCqnk6qjg%2F%2B%2B1yHbR7Om%2F12%2BtBtYgbzS1XgDKfvh8khhdnkHyKwMIinsXLRIwPAEQA4X2UjohpK7sZyY83SOIj%2FwoLeeNGJJ3u%2FfeUgNPuUr0jRPwCXFJiRdosf3os3K%2FWn191QsgqZ9UWbDt%2BSp%2Fnq9gwy4JC3xQ3I%2B17zgtUIEN4TNjqh%2FZemCCOboDhnweAmG&nvMid=29030352586&catId=50000248
Apple 아이폰 13 프로 512GB [LG U+],"1,173,170원",https://cr.shopping.naver.com/adcr.nhn?x=7BR2POrhM7tyzJjQKOWdfP%2F%2F%2Fw%3D%3DseGfpkAP2eJwqsTruy6Uv48gHVSN6BX05zAcuETeYbRthJz9H0Ub4KLvuVTVtNMxMuLU4ofMZQLGOU0so1huz4gUODHFhqH1jQSlz96cpsg0deSeqkQ08bvmIcaTonv%2BnFp1osLeC0CcSfuyfGHI9bci30QtKP1mA7BYZPpxeJLexWvZfe2todmJfmpbNrXnqIsGCGgJXjOrApw75v82D8rix7jXt7MNVc9AIu4EfDZlNEwRr%2B3STfYHGn%2FB5b3e4QV5wFgmnO7DGvqEfGxaPhVgr8T6xy7IbjhpMaNct5QTBz7%2BORHa%2BX777%2F5U82WuFXHU%2BrNkTdk5Ovwp%2B6GmCpPTeoy%2FOECBpVjSkYpgmrWpkIptLkhleORsoGb3BUK6QdpNigRczOXpJrKZuD6kaG6OZRlfM%2FSFaeoN9bSlLFdRKsaK6szvgRo5X5XC1HnWyJWkKsSeQuaZ%2FlYk3rKhKIL4oGSPqVUnYHgafH1nsU%2FeaU9qNqKx0Qc11MwuBOlFm2qRqqkmRjzDmmzADhw5%2BZ7qH8UU5WXmVGEe7TWgmjK2IDf9TYDOC4LzgCehLsur5mKKXA8gSoTC8z4UZVp24zo8SFnjgXEJoX%2Bd7OwhbN6OFbDf4gHI5rSMJU1BWcIOg&nvMid=29030295586&catId=50000248
Apple 아이폰 13 512GB [LG U+],"681,970원",https://cr.shopping.naver.com/adcr.nhn?x=yD82KqQMvmpOSYP7MJRVTv%2F%2F%2Fw%3D%3DsyBIrW3WtAe7oLdlMyVMNFawKWEW8rqIbdsbJnqckj8IbsBKbbjTB%2BBCjsLv6tz%2Bj7p3aBg0fU90%2FxDDECV9FVd%2F0J3lTr4zZRL6tgElqEYvHxWrnEy9KXVIuDENDlkbVL7%2Fx0mSsoii1csW6gIEXn0gAn8lD2%2BxrgblrBqYwPdWug%2B9sjA7rHdeMLkY%2BwIMULoBLs12Lbdpvne%2Fi0%2BJ%2FgTQZD6UDT51Dg8nNb9lI8fV%2BFLPJmN7kd5F0maTGsL0co52Z9qEv8CV6kJ9k1iO7WuBmHDZBEjcLNUxzlrprN9Vr6kdrp7BvT8OlwZ7P37YyZp%2FuhVWf5tMOyu5R2EADu5BFC3u9Pflq9Rz%2BcoYY7%2FpQvCL0vjT7BDyew%2BppTYv%2Bf7tEsR%2FQiiXKDPGKE8P4jHpien7ZUKb4UiYs1vzaa5pLXcv9Az4Jm6rquko58j6DsqLykQuGh01ylIDtEDoqxqR%2BV7F7j3nYhuEbefUrVJDyNHyBUXwWVD2ki0TxnNzydoi53IcxRWafbwKAUvW2yutxECnIKZwtKYPc4qxmFov6C0XXk8ySaOQ0OaLzzIxF4YK5Ka5xMjeHMnYRg6XIFvRRs2Tl2LVXyNQxua0eKL8GruH08DlKshetxY8KUEZb&nvMid=29030296586&catId=50000248
Apple 아이폰 13 프로 맥스 512GB [LG U+],"1,305,170원",https://cr.shopping.naver.com/adcr.nhn?x=ZekFXd5UepAZr8AtnH9u8%2F%2F%2F%2Fw%3D%3DszOHPMZtGwP4t7dmbh66UuVm9IwPA47E6a5IEZUpBW%2BAbsBKbbjTB%2BBCjsLv6tz%2BjDRzD0wadwXCSMV4DhUx0MwEdWNjLhPxvFfMw2S9JE7LHxWrnEy9KXVIuDENDlkbVL7%2Fx0mSsoii1csW6gIEXn0gAn8lD2%2BxrgblrBqYwPdWug%2B9sjA7rHdeMLkY%2BwIMUeLonWMPrGi0RSJvZfvKEXzQZD6UDT51Dg8nNb9lI8fV%2BFLPJmN7kd5F0maTGsL0co52Z9qEv8CV6kJ9k1iO7WuBmHDZBEjcLNUxzlrprN9Vr6kdrp7BvT8OlwZ7P37YyZp%2FuhVWf5tMOyu5R2EADuz5TIAde6eLrb9TOC5B8AwZQvCL0vjT7BDyew%2BppTYv%2Bf7tEsR%2FQiiXKDPGKE8P4jFTTZCCZrQLPFB2ZxtjBruNLXcv9Az4Jm6rquko58j6DsqLykQuGh01ylIDtEDoqxgd%2BG16etLspUe2HE9zONydBQx2J0IovtSa9qv9oplPOXGfKYExq7uG4FGIUYcPNseulE%2FYQS7k8%2F%2F6IhfnMvUcpwPNZP6RaoXr0y4oyGLGDv4YGjJCSIW1IvBxXT1wG92B1IyXh50FYx0rR8xt94OpjtEEnHZo%2B%2FVuCJHvsmHjrDVCYCaeglF2rgr1u2OQIzQ%3D%3D&nvMid=29030181590&catId=50000248
Apple 아이폰 13 프로 1TB [LG U+],"1,426,090원",https://cr.shopping.naver.com/adcr.nhn?x=haTiMvP9l26Kk%2FlL%2FMzJHv%2F%2F%2Fw%3D%3DsJ%2BN9i193os6Yb5miPE919jLCXOVWVClGgmcxY8rrNLEbsBKbbjTB%2BBCjsLv6tz%2BjJSRHd0b95t%2F6J8X44Uh0tKZCkX2wTTAeX8fStBWX%2BBbHxWrnEy9KXVIuDENDlkbVL7%2Fx0mSsoii1csW6gIEXn0gAn8lD2%2BxrgblrBqYwPdWug%2B9sjA7rHdeMLkY%2BwIMUDGwE3QsWN9QrsglmPdQz5zQZD6UDT51Dg8nNb9lI8fV%2BFLPJmN7kd5F0maTGsL0co52Z9qEv8CV6kJ9k1iO7WuBmHDZBEjcLNUxzlrprN9Vr6kdrp7BvT8OlwZ7P37YyZp%2FuhVWf5tMOyu5R2EADu%2FNY%2FSm%2F664pR8qQnmrLHCxQvCL0vjT7BDyew%2BppTYv%2Bf7tEsR%2FQiiXKDPGKE8P4jPV9j3k5sx60BhCJMxo20HFLXcv9Az4Jm6rquko58j6DsqLykQuGh01ylIDtEDoqxui2wMFCeVLvKChmIfVVW7AOTnITeXUIiGAT3tHOc0GbTKo5CnlLrO%2BPacbML5XxERFis92LFkqG3BsV0h1YM0wNauEcRynSn%2F8orOK7nc90RWrp24OeJUPhG8h9n%2FNdjaSqiO45hBzCMk%2B9N25uF2LLVWGr8fvvH1mWvUgXPK6j&nvMid=29030294586&catId=50000248
Apple 아이폰 13 프로 맥스 1TB [LG U+],"1,580,170원",https://cr.shopping.naver.com/adcr.nhn?x=8iGwH6bvCT%2BjW3g6dCOzwf%2F%2F%2Fw%3D%3DsgVnsaavTLMtWPZy%2BW4yEOVnTykhQN4uK31X%2FjZ%2B%2BFf8bsBKbbjTB%2BBCjsLv6tz%2BjPh%2F9ix9%2FkRhqOwo0jp3%2FTrCJz%2B0UcT%2FbW4TmoEqapanHxWrnEy9KXVIuDENDlkbVL7%2Fx0mSsoii1csW6gIEXn0gAn8lD2%2BxrgblrBqYwPdWug%2B9sjA7rHdeMLkY%2BwIMUv%2FiyLKIYZJmYdqtV06rV7DQZD6UDT51Dg8nNb9lI8fV%2BFLPJmN7kd5F0maTGsL0co52Z9qEv8CV6kJ9k1iO7WuBmHDZBEjcLNUxzlrprN9Vr6kdrp7BvT8OlwZ7P37YyZp%2FuhVWf5tMOyu5R2EADu5dfAPhqvEAH27lQohl9rUJQvCL0vjT7BDyew%2BppTYv%2Bf7tEsR%2FQiiXKDPGKE8P4jPAFjn%2FUHBDbownRDGmc7QVLXcv9Az4Jm6rquko58j6DsqLykQuGh01ylIDtEDoqxgd%2BG16etLspUe2HE9zONyfB%2FDJCOEMt67pAoo8Ur8ApQbJE2qH6sAOiEA%2FCWTmW%2B3K7PTpo34UfsQ575Qt8pVQueDQy2OqCNEUSKYlfd5VTslZ33K9SYQUkrBloG5D5IyxUNulKHV%2FZm6s4QfB79sUDfkLIyuldBS3f8m8e6nLmzUhNzs2VE%2B%2Bisqs3JAEppg%3D%3D&nvMid=29030181587&catId=50000248
Apple 아이폰 13 mini 자급제 128GB 핑크,"940,000원",https://cr.shopping.naver.com/adcr.nhn?x=VCwiDOmxuOiZ6%2FKAkoe6X%2F%2F%2F%2Fw%3D%3DseY9IP43gmWaINUeOKujKKi2Dsxu14tdPxXuL1nGpA9BhJz9H0Ub4KLvuVTVtNMxMV9pAW78iZZAsS3aYEB4JpwUODHFhqH1jQSlz96cpsg0deSeqkQ08bvmIcaTonv%2BnFp1osLeC0CcSfuyfGHI9bW3JzeXxkSdTecfUR4%2FvRQjd%2BKwjnmE8nmku4yNhWgwhmfLAARyRl0caaiEG3Q2bq3l3njUb1NGDJ1K332mMmYDQ%2BMQn9cirmRmZVqDKkTcUqqe08lTgUbivINHQrFwjt9ci8KTL%2BNmOPw%2BJRE9g%2FOSiublBLPqjBpyMr35wpQywJQgXbDquSwgK5LmybjwcMhzzON9aTM%2Fdo2I2z9yt2AkHs%2F2PHkpmvWjL2qy1nHubIeA%2FcApl3ZHFHMUWF5uM0cvR2tujXIOsDAgSJYIRaVRdrU9gBvTOY8XVxGgpGxxdzmTgBf8s9pHWooJeUmRwOs5msUBBCQDT8FT1939LbgvM1lwfQy7SrRH%2FEshmn%2FEduycPGUmE%2B%2FkBn2xUmVUl2DgZH4JSoRb30E92AHG9Ef7x91hdeRCkNc2L18DVFH4QL3aXMZghk2CNFMEpXJGpCPRFMA5boTx6hIL3zU%2FJssNlNzdJFgkoR1MOL3Zb6EWFOqk6AFISwlFNRYUItDPlNYi8Gpk2rf8tzIf%2B38ZckSRXc50eBITwugSNPH3Ok09sVpGw61BSdoQRvEGgfFlc5w%3D%3D&nvMid=29619937553&catId=50001519
Apple 아이폰 13 자급제 핑크 256GB,"1,220,000원",https://cr.shopping.naver.com/adcr.nhn?x=4wR7m80PyxMMDIst6tdqz%2F%2F%2F%2Fw%3D%3Ds3oNMEcOHAw2WY%2F2lOQhTrOS%2BpXv5AFLDstuPeWk3ogVWQE1WikGGRjsm7ORTamZ7%2B9RTPQUpsekB%2BQjFSqctmdhw8NXo4pXR8QfgHvv5VA%2Fq4KBXK8BjGWEuxByZR%2FAN12VXqW0AYdU3rcNPGYtxRXzmYN%2Fcvl75AGnByk2TjWEm5OY6%2FBA05LWPXaqTF3xXnI3Q%2FuFm111yFJnQ1iq5B6N13Zjdmb96RUIYIswoTaji1ShxDj3lM6ehtxvMu3DzExOk0U6EhFckr7RG4jb7DtYUTWswlfAT44CnuoiBFRbE4gyrpHwtgWtEy5GoTLqkwFbh%2FILBPDMOqw3ITOZkFvziKuqi6lvlwe2gIVAf2UAlXTdy6Sn%2F2yromYu89VyUteHWWsg75fLxMtz37WFArEFCpjofJYi11yD9fOIYEnhXfqiCwBtPYYwEdSt6i2JA%2BIONQrX%2FZ2lB5MpEplb2caBIbdd9Zhp1pBS%2FpUFEtmIJYq2oTMcSZCfks52RD10qrIJxoXYLzbDfcL4LF3u7hLJdGfQAhgzNRTj9G%2FRqn51dnvoolkKVNouiKxvFitIQmNft4lAnlS5VxG0ghAo5fLfZGAfYZNThbhrOx%2FDKdoaGAv2xA9xguVkCJJpofd3umJS4GjIUOy4fkrGaAaO8hwEXN4pYgBJiUAAVnTWBDn4OEsHC78VBLnFZh%2FnDobeN&nvMid=29064755783&catId=50001519
Apple 아이폰 13 자급제 미드나이트 128GB,"1,190,000원",https://cr.shopping.naver.com/adcr.nhn?x=cO75VBGl88RjJNqk1OPvU%2F%2F%2F%2Fw%3D%3Dsf4cXKM4YaSX15aigO3q22ga9VM0lWRCt5rqYCUVwLL9hJz9H0Ub4KLvuVTVtNMxM6GNlAc7Jeg5g%2B1Av7MlCpAUODHFhqH1jQSlz96cpsg0deSeqkQ08bvmIcaTonv%2BnFp1osLeC0CcSfuyfGHI9bW3JzeXxkSdTecfUR4%2FvRQjd%2BKwjnmE8nmku4yNhWgwhmfLAARyRl0caaiEG3Q2bq6UsrdZNxDQb%2BDPWNOX6jNgs%2BnXGkM%2FXvsmAB4CtvjzKa3nkW%2Fl241cHVWjR3Y%2B4McINeDMT5atHpnw1ICoZLZlNUrQ1iBRpT4xW6VtTu9EidctJh1BzRTjgZXFmA%2BZ09RzzON9aTM%2Fdo2I2z9yt2AkHs%2F2PHkpmvWjL2qy1nHubbyOV%2BBOz3jJvuOjtfJgZnl3WarM8s7Z7Y4o4ng89tRNdrU9gBvTOY8XVxGgpGxxdPCrq6PeQAjz5%2BwSZjhEGpHESUsqsJP8jV9iFCTEXe6XM1lwfQy7SrRH%2FEshmn%2FEdU7F21TbrJvqIHuD2Slys5k%2F4mHmFHvI3NERGPhXtISyiW18JDkQRcushT9VGKUBXH5LLh5eR2eS2YZ77PcGeLxLYZOAD0qL0rjZ6AazaAj2DrgClekVxtSLNN1yS74gXrRqWlo8uATQ9B80tUF9y%2BA9xr9W4zqeqsFNwcKrdJ%2FThYF0iOlmP67%2FIt8MH9OtOBq7h9PA5SrIXrcWPClBGWw%3D%3D&nvMid=29056433547&catId=50001519
[대여] 아이폰렌탈 최신 iphone13 임대 - 30일,"82,000원",https://cr.shopping.naver.com/adcr.nhn?x=pvMW5XvrnrYMBUiplI4z2v%2F%2F%2Fw%3D%3DsocFPRKO1Ci3RoL16VVrpjbvYmhLUlSO7Zg60fYn%2B2AZWQE1WikGGRjsm7ORTamZ7Dff7WezePWqJJty4VPRyJdhw8NXo4pXR8QfgHvv5VA%2Fq4KBXK8BjGWEuxByZR%2FANmNZzj8hKQxQ4MXE34nmXrruVw3GdaDAvxDSjC3cnt2Z%2F22ms%2BW8TiQQNz%2FOHMMFFxjuSea0iIwtZiQT9ljBPC00%2FJWKY919ImL%2FVT%2FFMBBVVXemfpmeX70wC2wQT5nyi5pxiwDZPU40LYzhHX%2FcRv7%2Bsm5GnWE%2F4CIVi2t1gcnOA594BgAc8jH011Nhn4r8jvX82Y5Ils9cLeBDu1LyZB21THt3sDH1XOroQ5e1H%2BCUVlyFDCq%2BZVFE5vJHx3cUBQbTCER60ddcC2o44tpqA8%2BvDeboPbnPAC3jnLJRYkwL7ShZv4JZAL0sBIrEMQNVAgWLWDvruX6r5iVAHrfp%2FuYjL%2F9%2BOs3tSF5mCkynnvweD05eCA1XR2yE3B0sFg6skR7j4VJTveUspSGBGBncWsVmfT7upHPJAzVwknsvxhhncsLmvsHi7n9ZsQarKIeOOA35CyMrpXQUt3%2FJvHupy5s1ITc7NlRPvorKrNyQBKaY%3D&nvMid=84117362445&catId=50001519
해외아이폰 13 Pro ProMax 미국직구 정품 무음 카메라 관부가세 포함,"1,530,000원",https://cr.shopping.naver.com/adcr.nhn?x=uzvtJlbcTVhmGHTK1J0UN%2F%2F%2F%2Fw%3D%3DstG%2B8QhnGQjKwq4q8qtSpHuXn6ghrvlKBXsROcR%2F8MuVhJz9H0Ub4KLvuVTVtNMxM3B%2BINfvPUJBbMEoFwlCE%2FQUODHFhqH1jQSlz96cpsg0deSeqkQ08bvmIcaTonv%2BnFp1osLeC0CcSfuyfGHI9bTaSZny%2B1MgSfJG5ocTRQNj1rIvubP2%2F%2BNF2sTRY2hEVJDKalkvvvcTBzql1n%2BojTnKJM7Y3wmwRcBzvUXkuI53L%2Fowdnq7%2Fmfq67OVRzok0S5SJNLgIdS1XFCtZ5GETGBLcOL9IW4zCkgVlZzr2XpSrdRTGEMOL5FvrAO5grclZ2HvQrG1q57G6KIPveES%2FyAFxkEHVCj8tTyV9rYCxGzK1XYnVqa53rQyFPJQBniBkab5Zn795vE0O8n6BDoI0Ih%2FHNnktTgfIjwSUEplNhh52rUVmo7bpMlXIeIzCZ6QNlgIruPkdRs5hbofarB%2FRtdWtpKLIGwfzWRzH1DRhjvr84hG24j8fDBJbe6XnSXz7hy2f4%2BH6lvDH6QfT0wimmtkcmTXioFS%2FvXMbN7dX2vPNvS694cQomRG2%2B01PGrUQ7ZSF6Xa1V8IN8DzIoHzq0d50SqbHp01IczjaqCUsSLADfkLIyuldBS3f8m8e6nLmzUhNzs2VE%2B%2Bisqs3JAEppg%3D%3D&nvMid=83251553577&catId=50001519
Apple 아이폰 13 mini 자급제 128GB 스타라이트,"921,500원",https://cr.shopping.naver.com/adcr.nhn?x=MyNlbGICDktbNoFTJTICy%2F%2F%2F%2Fw%3D%3DsY2P50SYhY4DOTWJ4kEH9ceWabcY07Kf%2BDoWU1l8%2F3BwbsBKbbjTB%2BBCjsLv6tz%2BjFsJ%2B7YlMtLtDednBEBZ2EMd8Y%2FTN8AyDuBJW1Pkn0mDHxWrnEy9KXVIuDENDlkbVL7%2Fx0mSsoii1csW6gIEXn3ULJJH%2BMKqMyaVu%2BUeO3m60%2B85WmSKK5LY2dJjcChMGEH%2BAaYhDPzU3ewm5W9RQFW6fYR0xxmeS9OV5z6rweK7Wbwu4fPDq07HeqWU9dqPIMsUlhIx3lne9DFx4fU5VUBkI2mnsQYv7x223DIMZx9e0uZz%2FvLz1j30gcH7vHUZ1exEHd2m9VcTPW6%2FKhEWNlOksehvDJ%2BLAf4G8Dynt708QhkkHXK4%2FmSRy5icYE%2F27BW36r4QZshREfg%2B3vq7RNk%2B0oJ7vjlmuDqqsC2VWnZiswzOwDYz%2F8g2%2FEftKomTp42C%2Fc7qRTevQOFdP2Clgn5vBdhX4ykMMWUCaN7JIIoDXdwMZv%2BsjaOq%2FaIlKn6P2SgFtqsig3hkEE1dtRdEurP6gZEjWnxjaqzxxrMvaly871j8fG2c9G9QxKi1XJYPfyHmV8Ewz9borKPA8fixz6j1jgai5%2FcLhVtpK5P2T1DQuT%2BK6VPhrNJdUQWUTYyPRjwYpjw2cDrbWY3K8FHJWfcnmxqtk1WHmKx7VuUre6KLaN%2BHsvm3DBIOJy4CLTN6RaGimR4pR27mrh1IoDTOSgA%3D%3D&nvMid=29056371112&catId=50001519
아이폰 Apple 아이폰13 미니 128GB 기기값 29만원,"296,000원",https://cr.shopping.naver.com/adcr.nhn?x=%2BfMUvtq%2Fa75lNWu5%2FBBkb%2F%2F%2F%2Fw%3D%3DstPkWzNT93nM%2BnETVh1HmOyzZaRRc6HVCisDRArMVLNphJz9H0Ub4KLvuVTVtNMxMaKRILar4NaxCo2oS0lF62AUODHFhqH1jQSlz96cpsg0deSeqkQ08bvmIcaTonv%2BnbEWIB1LA9q74PKgUCuDfDYfsjsQob2Ne0L7w9JaI7kin0b%2F5UhxhZOSwwPJ7NL%2FBq%2BwCWpxKyY5gBvXUiP0NE%2F3Nq5%2BvgAhbl%2BzB9gP%2BgzJTbTBr36bzfWlxDSmCXGZDP2tfKoQ0NQPyiad34AQ6K9%2FdVvwtcOUlbNrGLU3RUnqbGXUOgMvHiGhwM6gdwrCaMVdd8yUItSvaUomikco2t0upyqKrbq%2Bohkoas%2FVOhW57DsV6H3VgLc49w6vLmcBieTxswSpjtmly9xBJ22QymKh%2F1bcB%2BrPywSkosIrdjS7Dzi6XcWNbvKq10qgktmbf3A8zvQg69y8aunFLCQKaA20pkLpNOX5wZgMRWiYeChpDihemHTwFlR5pP4A5iC%2F7uKG4ktHpHk6gyjpi2%2B9sJRohtPjA9PZFWriSd2EhWtSJE1BPAqAxjScRE8o%2B3rzvjcAfEoWxtUmIl8fEEZHxqMtVYavx%2B%2B8fWZa9SBc8rqM%3D&nvMid=29860284145&catId=50001519
Apple 아이폰 13 자급제 블루 128GB,"1,190,000원",https://cr.shopping.naver.com/adcr.nhn?x=SkHbkX25WfD0vYnDN80Cgv%2F%2F%2Fw%3D%3DssViGRl1yxzH5cxADA50NglK%2Bpg23xili63un%2BUQlGmQbsBKbbjTB%2BBCjsLv6tz%2BjdrAvi7RcLN5h5Ct3BFZq106KoSMJj19GH0Z9szkLijjHxWrnEy9KXVIuDENDlkbVL7%2Fx0mSsoii1csW6gIEXn3ULJJH%2BMKqMyaVu%2BUeO3m60%2B85WmSKK5LY2dJjcChMGEH%2BAaYhDPzU3ewm5W9RQFa8jzAzm6%2BLDNivsMJ3Wnbbv5yNx4PUR%2BICdbLdIC77E8dxmYLo%2F5Vcz%2BNjXhruHklkklKn%2B%2BNIw%2BbfReY5q0U2PHPu4F0ZCSRfM5yewe09UkNhWueHMXi9YNoWm6MB02uksehvDJ%2BLAf4G8Dynt708QhkkHXK4%2FmSRy5icYE%2F27BW36r4QZshREfg%2B3vq7RNh4uq68ufITo%2Frx%2B9vBg5qWswzOwDYz%2F8g2%2FEftKomTp42C%2Fc7qRTevQOFdP2Clgn264ZFKgKkkeaH9EIboAZfvXdwMZv%2BsjaOq%2FaIlKn6P2JIuar%2Fw3Eor36KrrXml8fIjyRiyy%2FNf5QmSmHxbVNsNJFjzbTvRM6RUWx5xxQXhJlTd8Df5JkLn44JhxqeI70aRpH0spGSljYcSMBycBLaAugiDh5S8n%2B7Rc0MeNuzgdRbHqYgZ8i60iJVGVPEjKLxcXZ7sWwFISyZSP5fv%2B067HICEQpPL7Rm%2B2fyhjEhHR&nvMid=29619782067&catId=50001519
해외Apple Iphone13 아이폰13미니 자급제 홍콩 무음카메라 듀얼심,"1,058,300원",https://cr.shopping.naver.com/adcr.nhn?x=J4uozhQfKyy3WeNSYrKrDv%2F%2F%2Fw%3D%3Dsv5rZ7Xi%2BV7qWIduotOvFGJiN7uSIHnMDgA0xAqsneXkbsBKbbjTB%2BBCjsLv6tz%2Bj3e5b%2FbrO73hR5P3qRRWSZ%2FHO0GIfdCUfD5ogQkYgX3jHxWrnEy9KXVIuDENDlkbVL7%2Fx0mSsoii1csW6gIEXn4ZYgwI2fs40XR%2FERq%2FGNyfWK4fiV391hyKbNzjTTmNIHgzLcfewyb6Ay86o1u9Baxsyoa9HRkVRabhUVBu86s%2Fffisv5tHfoGFh7RH%2BtSaOAFJNLWxG%2Fj2gEfGb7GroeELW%2FR2cUTulZulHaG2o1oWjLl0FAPvj7TgW804etSzCf5S5ycDGuwbfEdv1A6kKwmRHOBPlbbFR8JyU2gIw4WKTdCZBVwyl8XMFt2Xj3mw8KklbZAGb%2BlX6ISHb0AwzWw0qSGu0SRYohZi2wJnpDke6NExIUTtKzhOhX0Z35htydREcHNbKL98Jon4AhXcUuVZvHEalnVJsROFRRTYenK%2B3AeXtCCEFJpwGuB0VzwAnv0tuSf0hfEMEPCTz8QVq9gBOrx4%2BEuul1UrAQninHo1nU3QTeXghZLYiW4F9dafw7CTNBuzWc%2FZGU2%2BbiH2hb2cpTciEs30HVA0jLtCW8OlXc50eBITwugSNPH3Ok09sVpGw61BSdoQRvEGgfFlc5w%3D%3D&nvMid=83441468798&catId=50001519
아이폰 13 미니 256GB 자급제 미개봉 새상품,"840,570원",https://cr.shopping.naver.com/adcr.nhn?x=GTz80FOiFszAEbRrimLU8P%2F%2F%2Fw%3D%3DsrHBySzlUy%2Foy4mW%2B%2BI0vr7Su6zHNbsfqMNurV1MBRzJhJz9H0Ub4KLvuVTVtNMxMo5KZ3iyeavMvGEzPVUfwqAUODHFhqH1jQSlz96cpsg0deSeqkQ08bvmIcaTonv%2BnbEWIB1LA9q74PKgUCuDfDe0JZ4vKXq2xVuFay0gNbwiO%2FsdgQE5FIA0Tw1QMogpFu4QUlnobsLIdcYN2hwfCQCuFn0HAyR5%2F7h3LPypVtD5T8cSMvKn9SUmwygoyJDRc%2FOIq6qLqW%2BXB7aAhUB%2FZQCVdN3LpKf%2FbKuiZi7z1XJRhW0nXkjX7jcCvsNcvUrkYZmqQ6ghZnwP2G7%2FI7xFLBBtX1KiGewk6njQXhFIriI0Zs%2FowKlsBZMrmOs9VE7BTzfNVo1KcSVSazeZg7M%2BAaVkd%2BDxoF9tSF%2BRcAfFPwF926GLZoh5mx%2FfONND%2BF6sPL9aPtvqGLk6unGRe9ulMm4py0qbRAw24xBOhoW66GSjN0LIQwjBUj1oQsdEYkd0ZukMzbZe55AffXCYnvNWMZXwJeXbnU6mZaLN%2BXPYoRZyArCbQBO%2Bl%2FoEEULV5f2JsbjSZtguqtkI772GjHyvBl8cgIRCk8vtGb7Z%2FKGMSEdE%3D&nvMid=30313661098&catId=50001519
Apple 아이폰 13 Pro 자급제 골드 256GB,"1,401,150원",https://cr.shopping.naver.com/adcr.nhn?x=bxoYEbTAX%2B%2FrIT4VAUTzV%2F%2F%2F%2Fw%3D%3DsioTofxiphia7BDkR%2FDbEXTk7f8YlOY4woYWHazsouTBhJz9H0Ub4KLvuVTVtNMxMYPpTPYeBLhjtBoq9H%2Fj0PgUODHFhqH1jQSlz96cpsg0deSeqkQ08bvmIcaTonv%2BnFp1osLeC0CcSfuyfGHI9bW3JzeXxkSdTecfUR4%2FvRQjd%2BKwjnmE8nmku4yNhWgwhmfLAARyRl0caaiEG3Q2bq%2F4z9Hu%2BUr2alUHk3P9DxiB%2FPM4duLPdeWjKafs8NhVNlE7pNbnCUFubT0vFG0esllUpS4Tv8K%2FFG%2B5Ap%2F7xks%2BiublBLPqjBpyMr35wpQywcahXEPvpr4TU2rBRodZDlhzzON9aTM%2Fdo2I2z9yt2AkHs%2F2PHkpmvWjL2qy1nHubukouf8uJYnFJTfHqgWdAqPR%2FEYU0DHfiPRW7NEkpQjtdrU9gBvTOY8XVxGgpGxxdOi3Nm8ep%2FAerjhW%2FRxAabFVqx96ew8TnBoD5YwtgL%2F%2FM1lwfQy7SrRH%2FEshmn%2FEd1dWxWaAKLt3i05eR60N%2FKF6fg5cbbrXnMaJzzrMpNVQLG%2BQC8kTC9CY%2B6rR8xPf9JB7PSUjslBNLW0Bc%2BNkvHwjkKUZVwuyRokVpjGlId6tlNzdJFgkoR1MOL3Zb6EWFmKj6Bwzd0Uo45lZTd2akCQbuGCCuawJapvft0RZZ53hXc50eBITwugSNPH3Ok09sVpGw61BSdoQRvEGgfFlc5w%3D%3D&nvMid=32295539227&catId=50001519
아이폰 13 256GB 자급제 미개봉 새상품,"957,440원",https://cr.shopping.naver.com/adcr.nhn?x=VmuBDIcc%2BgRrX4KlN1VhTP%2F%2F%2Fw%3D%3DsX7A24FruvWH%2FQbprSfH%2BXhn4sAIoZEiGZH7SPCHMBf0bsBKbbjTB%2BBCjsLv6tz%2BjiQ7tWWSft1ZjEDYMoGZhhnNyi3uztBZBxd3lQI7u6drHxWrnEy9KXVIuDENDlkbVLP9VIwBXPUX6xXY1qLFsrS8ffQLw1x%2F8Lf5s6Y8TBIHXkj%2BZW%2F1lJfgqvRvZaBhRRVH14VBYcN0RRykzxO8ViHf3qxljGElbzxiygG3cvEG6B%2FI4Du5n4zOKbF%2BqZ8PeHPM431pMz92jYjbP3K3YCQez%2FY8eSma9aMvarLWce5tECHOmCWue%2BUEaaUhHMi6Hz6aFTdJxMjHUcuKd%2FiSV5ep2LdD%2BbxXYDmNHXbecDBlw282fUd2uPeNHFn7KIXpjqLJfpRdmCcf1DV4WKlKPyNGcSpApPFcaQySrpsMMo6EHOwtp3iFb52GMv88LkMntnV%2F3tTaN3o4%2B0RfveE00nObd7IPwVdH9ThzIlmabD%2FeLDpeUW4I5UFv1GGFH8opZwkRPokOE2XT2ugCiAghMRNmVVgsMQmmcjxwXoIw9IhadExtKghOtzBchscHuAY7F6hfi97DF8M2Mmq0HCnqNOoVsN%2FiAcjmtIwlTUFZwg6A%3D&nvMid=30313707748&catId=50001519
